{"parts":{"ears":{"enable":true,"frameCount":38,"height":239,"position":{"positionX":[{"index":74,"x":185.93,"y":416.12},{"index":77,"x":397.47,"y":415.71}],"positionY":[]},"positionRelationType":1,"positionType":1,"rotateCenter":[{"index":46,"x":292.98,"y":522.56}],"scale":{"scaleX":{"pointA":[{"index":74,"x":185.93,"y":416.12}],"pointB":[{"index":77,"x":397.47,"y":415.71}]},"scaleY":{"pointA":[],"pointB":[]}},"triggerDelay":0,"triggerLoop":0,"triggerStop":false,"triggerType":0,"width":587,"zPosition":3},"lblusher":{"enable":true,"frameCount":4,"height":132,"position":{"positionX":[{"index":46,"x":235.39,"y":66.11}],"positionY":[]},"positionRelationType":1,"positionType":1,"rotateCenter":[{"index":46,"x":235.39,"y":66.11}],"scale":{"scaleX":{"pointA":[{"index":74,"x":120.44,"y":-48.18}],"pointB":[{"index":77,"x":347.59,"y":-48.61}]},"scaleY":{"pointA":[],"pointB":[]}},"triggerDelay":0,"triggerLoop":0,"triggerStop":false,"triggerType":0,"width":176,"zPosition":2},"nose":{"enable":true,"frameCount":4,"height":32,"position":{"positionX":[{"index":46,"x":27.61,"y":15.74}],"positionY":[]},"positionRelationType":1,"positionType":1,"rotateCenter":[{"index":46,"x":27.61,"y":15.74}],"scale":{"scaleX":{"pointA":[{"index":74,"x":-68.58,"y":-79.91}],"pointB":[{"index":77,"x":121.52,"y":-80.27}]},"scaleY":{"pointA":[],"pointB":[]}},"triggerDelay":0,"triggerLoop":0,"triggerStop":false,"triggerType":0,"width":58,"zPosition":1},"rblusher":{"enable":true,"frameCount":4,"height":132,"position":{"positionX":[{"index":46,"x":-56.19,"y":62.66}],"positionY":[]},"positionRelationType":1,"positionType":1,"rotateCenter":[{"index":46,"x":-56.19,"y":62.66}],"scale":{"scaleX":{"pointA":[{"index":74,"x":-166.98,"y":-47.49}],"pointB":[{"index":77,"x":51.95,"y":-47.92}]},"scaleY":{"pointA":[],"pointB":[]}},"triggerDelay":0,"triggerLoop":0,"triggerStop":false,"triggerType":0,"width":176,"zPosition":0}},"stickerType":"2D","version":"1.1"}