{"parts":{"ear":{"enable":true,"frameCount":51,"height":128,"position":{"positionX":[{"index":74,"x":97.82,"y":258.39},{"index":77,"x":261.40,"y":258.07}],"positionY":[]},"positionRelationType":1,"positionType":1,"rotateCenter":[{"index":46,"x":180.60,"y":340.69}],"scale":{"scaleX":{"pointA":[{"index":74,"x":97.82,"y":258.39}],"pointB":[{"index":77,"x":261.40,"y":258.07}]},"scaleY":{"pointA":[],"pointB":[]}},"triggerDelay":0,"triggerLoop":0,"triggerStop":false,"triggerType":0,"width":362,"zPosition":0}},"stickerType":"2D","version":"1.1"}