{
    "filterID": 0,
    "filterName": "WBGPUImageShaderToyFilter",
    "filterDescription": "滤镜查找表",
    "propertys": [{
                        "propertyType": "imageVector",
                        "propertySourceName":["lut.png","texture.png"],
                        "propertyName": "extraTextures"
                    },{
                        "propertyType": "int",
                        "propertyValue": 2,
                        "propertyName": "extraTextureCount"
                    }]
}
