{"parts":{"face":{"enable":true,"frameCount":1,"height":321,"position":{"positionX":[{"index":74,"x":241.58,"y":-6.53},{"index":77,"x":596.64,"y":-7.22}],"positionY":[]},"positionRelationType":1,"positionType":1,"rotateCenter":[{"index":46,"x":421.26,"y":172.11}],"scale":{"scaleX":{"pointA":[{"index":74,"x":241.58,"y":-6.53}],"pointB":[{"index":77,"x":596.64,"y":-7.22}]},"scaleY":{"pointA":[],"pointB":[]}},"triggerDelay":0,"triggerLoop":0,"triggerStop":false,"triggerType":0,"width":858,"zPosition":1},"star":{"enable":true,"frameCount":51,"height":185,"position":{"positionX":[{"index":74,"x":107.81,"y":337.24},{"index":77,"x":278.42,"y":336.91}],"positionY":[]},"positionRelationType":1,"positionType":1,"rotateCenter":[{"index":46,"x":194.15,"y":423.08}],"scale":{"scaleX":{"pointA":[{"index":74,"x":107.81,"y":337.24}],"pointB":[{"index":77,"x":278.42,"y":336.91}]},"scaleY":{"pointA":[],"pointB":[]}},"triggerDelay":0,"triggerLoop":0,"triggerStop":false,"triggerType":0,"width":385,"zPosition":0}},"stickerType":"2D","version":"1.1"}